product_id,title,brand,product_type,category,price,rating,confidence_score
1,Feit Electric 60-Watt Equivalent B10 E26 Base Dim White Filament Clear Glass Chandelier LED Light Bulb Soft White 2700K (3-Pack) ETC60927CAWFILHDRP/3,Feit Electric,LED Light Bulb,lighting,13.48,4.5,100
2,GE 20 Amp Double Pole Ground Fault Breaker with Self-Test THQL2120GFTP,GE,Circuit Breaker,electrical,112.5,4.3,100
3,Kwikset HALO Satin Nickel Keypad WiFi Electronic Single-Cylinder Smart Lock Deadbolt featuring SmartKey Security 938WIFIKYPD15SM,Kwikset,Deadbolt,locks,169.39,4.0,100
4,LuxHomez 24 in. W x 24 in. H Black Vanity Round Wall Mirror Aluminum Alloy Frame Bathroom Mirror LLOM-60-BK,LuxHomez,Other/Uncategorized,uncategorized,42.0,4.7,100
5,"Rheem Performance 30 Gal. Short 30,000 BTU Natural Gas Water Heater with 6-Year Warranty XG30S06EC30U1",Rheem,Water Heater,uncategorized,589.0,4.4,100
6,"HALO HLBSL 6 in. Can Less Integrated LED, 900 Lumens, 5CCT, White (4-Pack) HLBSL609FS5-4PK",HALO,Recessed Light,lighting,61.97,4.7,100
7,Cerrowire 500 ft. 18/10 Black Solid Copper Sprinkler Wire 240-1010J,Cerrowire,Other/Uncategorized,uncategorized,371.8,4.2,100
8,Empire 48 in. UltraView LED Magnetic Box Level EM95.48,Empire,Other/Uncategorized,uncategorized,77.97,4.9,100
9,Cerrowire 500 ft. 18/7 Black Solid Copper Sprinkler Wire 240-1007J,Cerrowire,Other/Uncategorized,uncategorized,219.0,4.6,100
10,Metalux 13 in. Round 400-Watt Equivalent Integrated LED White High Bay Light HBRC2L3,Metalux,Lighting (Other),lighting,153.97,4.9,100
11,Siemens 30 Amp Double Pole Type QPF2 GFCI Circuit Breaker US2:QF230AP,Siemens,Circuit Breaker,electrical,109.0,4.8,100
12,Cobra 5/16 in. x 50 ft. Slotted End Replacement Cable BC96106C,Cobra,Drain,plumbing,77.78,4.4,100
13,Southwire 1/2 in. x 100 ft. Alflex RWA Metallic Aluminum Flexible Conduit 55082103,Southwire,Electrical Outlet,electrical,83.06,4.6,100
14,MOEN Adler Single-Handle Low Arc Kitchen Faucet in Chrome with Tool Free Install 87201,MOEN,Faucet,plumbing,59.39,4.4,100
15,Cerrowire 100 ft. 14 Gauge Red Solid Copper THHN Wire 112-1473CR,Cerrowire,Other/Uncategorized,uncategorized,45.0,4.7,100
16,Cerrowire 25 ft. 18/2 Silver Stranded Copper Lamp Wire 251-1015AR,Cerrowire,Lighting (Other),lighting,11.58,4.6,100
17,Pfister Brea Single Handle Single Hole Bathroom Faucet with Deckplate in Brushed Nickel LF-042-BRKK,Pfister,Faucet,plumbing,135.79,4.6,100
18,Honeywell Home 1-Week Programmable Thermostat with Digital Display RTH221B,Honeywell Home,Other/Uncategorized,uncategorized,15.98,3.9,100
19,EcoSmart 60-Watt Equivalent A19 Dimmable LED Light Bulb with Selectable Color Temperature (6-Pack) 13A1960W5CCTS01,EcoSmart,LED Light Bulb,lighting,16.48,4.9,100
20,Werner 5 ft. Aluminum Step Ladder (9 ft. Reach Height) with 225 lb. Load Capacity Type II Duty Rating 355,Werner,Paint,paint,59.0,4.7,100
21,"Lutron Skylark Contour LED+ Dimmer Switch for LED and Incandescent Bulbs, 150-Watt/Single-Pole or 3-Way, Ivory (CTCL-153PDH-IV) CTCL-153PDH-IV",Lutron,LED Light Bulb,lighting,26.22,4.6,100
22,GE Q-Line 40 Amp 1 in. Double Pole Circuit Breaker (THQP240) THQP240,GE,Circuit Breaker,electrical,14.99,4.6,100
23,Southwire (By-The-Foot) 10/3 Gray Solid CU UF-B W/G Wire 13059199,Southwire,Other/Uncategorized,uncategorized,3.28,5.0,100
24,RYOBI Tune-Up Kit for 37cc and 38cc Gas Chainsaws AC0538CSK,RYOBI,Saw,tools,24.0,4.2,100
25,GE Q-Line 40 Amp 2 in. Double-Pole Circuit Breaker THQL2140,GE,Circuit Breaker,electrical,14.79,4.7,100
26,HALO HLBSL4 4 in. Adjustable CCT Canless IC Rated Dimmable Indoor Integrated LED Recessed Light Kit (4-Pack) HLBSL4069FS35-4PK,HALO,Recessed Light,lighting,58.97,4.7,100
27,"Werner 5 in 1 Multi Position Pro 14 ft. Reach Aluminum Adjustable Multi Position Ladder, 375 lb. Load Capacity Type IAA Duty MT-14IAA",Werner,Other/Uncategorized,uncategorized,179.0,4.8,100
28,Square D Homeline 70 Amp 2-Pole Circuit Breaker HOM270CP,Square D,Circuit Breaker,electrical,48.48,4.8,100
29,GE 150 Amp 4-Space 8 Circuit Outdoor Combination Main Breaker/Ringless Meter Socket Load Center TSMR415CSCUGP,GE,Other/Uncategorized,uncategorized,286.92,4.0,100
30,Glacier Bay 9 in. x 7/8 in. Exposed Screw Assist Bar in Chrome 20135-1401-09,Glacier Bay,Toilet,plumbing,17.98,4.8,100
31,"Malco 18 in. Folding Tool, Folding Depths of 3/8 in. and 1 in. 18F",Malco,Tool (Other),tools,23.27,4.7,100
32,"Lutron Claro 3-Gang Decorator/Rocker Wallplate, Gloss, Light Almond (1-Pack) CW-3B-LA",Lutron,Lighting (Other),lighting,9.97,4.3,100
33,GE 200 Amp 32-Space 64-Circuit Main Breaker Indoor Load Center Contractor Kit TM3220C64K,GE,Circuit Breaker,electrical,176.0,4.6,100
34,FastenMaster Universal Hidden Deck Fastening System – Stainless steel hidden deck screws and clips – Black (50 SF) FMTHDCLIP-50,FastenMaster,Stain,paint,49.97,4.4,100
35,Andersen 27-1/2 in. x 35-1/2 in. 200-Series White Double-Hung Clad Wood Window with White Interior Low-E Glass and White Hardware 9163982,Andersen,Other/Uncategorized,uncategorized,259.0,4.1,100
36,Milwaukee 9 in. 10 TPI TORCH Nitrus Carbide Teeth Medium Metal Cutting Reciprocating Saw Blade w/Additional 9 in. 10 TPI Blade 48-00-6252PC,Milwaukee,Saw,tools,24.88,4.9,80
37,"Leviton 15 Amp Decora Combination Tamper Resistant Duplex Outlet and USB Charger, White (3-Pack) T5632-3BW M02-T5632-3BW",Leviton,Electrical Outlet,electrical,53.25,4.6,100
38,GE 200 Amp 32-Space 64-Circuit Main Lug Indoor Load Center Contractor Kit TLM3220C64GK,GE,Circuit Breaker,electrical,137.0,4.5,100
39,Hampton Bay 3.67 ft. Black Integrated LED Ceiling Mounted Hard Wired Linear Track Lighting Kit with Cylinder Heads 3-Light 817790,Hampton Bay,Track Light,lighting,149.0,3.9,100
40,Hampton Bay 4 ft. Brushed Nickel Integrated LED Ceiling Mount Direct wire Track Lighting Kit with Flared Linear Track Head 3-Light 817770,Hampton Bay,Track Light,lighting,79.98,3.7,100
41,Hampton Bay 44 in. Black Integrated LED Linear Track Lighting Kit Mini Step 3-Light 805109,Hampton Bay,Track Light,lighting,115.0,4.4,100
42,GE PowerMark Gold 200 Amp 10 in. Enclosed Outdoor Circuit Breaker THQMV200NRE,GE,Circuit Breaker,electrical,189.0,4.6,100
43,"Commercial Electric Trimless Integrated LED 4 in Round Adjustable Color Temp Canless Recessed Light for Kitchen Bathroom Livingroom, White 91487",Commercial Electric,Recessed Light,lighting,22.47,5.0,100
44,"Commercial Electric Trimless Integrated LED 6 in Round Adjustable Color Temp Canless Recessed Light for Kitchen Bathroom Livingroom, White 91488",Commercial Electric,Recessed Light,lighting,27.47,5.0,100
45,"Bell + Howell 15.7 in. Indoor White Ceiling Fan with Remote, LED Light, Socket 8563ENCBQH",Bell + Howell,Ceiling Fan,lighting,39.19,4.5,100
46,Commercial Electric Impact Punch Down Tool with 110 Blade CE70804,Commercial Electric,Tool (Other),tools,28.98,3.5,100
47,"Oregon R28F Polesaw Chain for 6 in. Bar, Fits Remington, Milwaukee and Craftsman R28F-21",Oregon,Saw,tools,15.68,5.0,100
48,GE PowerMark Plus 125 Amp 8-Space 16-Circuit Indoor Main Lug Breaker Value Kit TLM812SCUD1K,GE,Circuit Breaker,electrical,45.98,4.5,100
49,Milwaukee 14-In-1 Multi-Bit Screwdriver 48-22-2900,Milwaukee,Screwdriver,uncategorized,18.97,3.8,100
50,"Commercial Electric Cylinder Integrated LED 3 in Round  Canless Recessed Light for Kitchen Bathroom Livingroom, White Soft White 91533",Commercial Electric,Recessed Light,lighting,19.88,5.0,100
51,Swiffer Lavender Scent Dry Sweeping Pad Refills (52-Count) 003700081559,Swiffer,Other/Uncategorized,uncategorized,14.44,4.3,100
52,Swiffer 360 Multi-Surface Heavy-Duty Lavender Scent Microfiber Duster Refill (11-Count) 003077207610,Swiffer,Other/Uncategorized,uncategorized,14.97,4.9,100
53,"Oregon N51 Chainsaw Chain for 12 in. Bar, Fits Husqvarna Models N51-21",Oregon,Saw,tools,12.18,5.0,100
54,"HALO HLBSL 4 in. Adjustable CCT Canless IC Rated Dimmable Indoor, Outdoor Integrated LED Recessed Light Kit HLBSL4069FS351EMWR",HALO,Recessed Light,lighting,16.65,4.7,80
55,"Commercial Electric Slim Baffle Integrated LED 6 in Round Adj Color Temp Canless Recessed Light for Kitchen Bath Living rooms, White 4-Pack 91480",Commercial Electric,Recessed Light,lighting,89.97,4.4,100
56,"HALO LCR6 6 in. Selectable CCT Round Canless Integrated LED White Recessed Light Retrofit Module Trim, 2100 Lumens LCR6219FSE010MW",HALO,Recessed Light,lighting,56.47,4.4,80
57,GE 200 Amp 40-Space 80-Circuit Main Breaker Indoor Load Center Contractor Load Center and Breaker Kit TM4020C80K,GE,Circuit Breaker,electrical,259.0,4.6,100
58,GE PowerMark Plus 125 Amp 14-Space 24-Circuit Indoor Main Lug Value Kit Includes Select Circuit Breaker TLM1212CCU2K,GE,Circuit Breaker,electrical,91.0,4.6,100
59,GE 100 Amp 20-Space 20-Circuit Main Breaker Indoor Load Center Contractor Kit TM2010CCUBK1,GE,Circuit Breaker,electrical,94.98,4.6,100
60,"Commercial Electric Specialty Elite 3 in. LED Trimless Canless Recessed Light, Adjustable CCT 92346",Commercial Electric,Recessed Light,lighting,19.97,5.0,100
61,HALO LCR4 4 in. Soft White Selectable CCT Integrated LED Recessed Light With Round Surface Mount White Trim Retrofit Module LCR4129FSE010MW,HALO,Recessed Light,lighting,18.79,4.4,100
62,GE PowerMark Plus Outdoor 125 Amp 4-Space 8-Circuit Single-Phase Main Lug Circuit Breaker Panel TL412R1P,GE,Circuit Breaker,electrical,48.95,4.6,100
63,Lithonia Lighting Contractor Select EU2C 120/277-Volt Integrated LED White Emergency Light Fixture with Battery EU2C M6,Lithonia Lighting,Light Fixture,lighting,25.77,4.5,100
64,GE 200 Amp 4 Space 8 Circuit Outdoor Combination Main Breaker/Ringless Meter Socket Load Center TSMR420CSCUGP,GE,Other/Uncategorized,uncategorized,286.92,4.8,100
65,GE PowerMark Plus 125 Amp 4-Space 8-Circuit Single-Phase Indoor Main Lug Circuit Breaker Panel TL412CP,GE,Circuit Breaker,electrical,36.65,4.5,100
66,GE PowerMark Plus 125 Amp 8-Space 16-Circuit Indoor Main Lug Circuit Breaker Panel TLM812FCUDP,GE,Flush Mount Light,lighting,52.98,4.8,100
67,Schlage Camelot Satin Nickel Electronic Keypad Deadbolt Door Lock with Accent Door Handle FBE365 V CAM 619 ACC,Schlage,Door Lock,locks,157.41,4.5,100
68,"Lockly Secure Pro Zeno Series Matte Black Deadbolt WiFi Smart Lock, Apple Home Key, Fingerprint, Keypad, Siri/Alexa/Google PGK728WHKMB",Lockly,Deadbolt,locks,329.0,4.6,100
69,GE Q-Line 30 Amp 1/2 in. Single-Pole Circuit Breaker (THQP130) THQP130,GE,Circuit Breaker,electrical,6.98,4.7,100
70,GE Q-Line 50 Amp 2 in. Double-Pole Circuit Breaker THQL2150,GE,Circuit Breaker,electrical,14.99,4.7,100
71,"Commercial Electric Slim Baffle Integrated LED 4 in Round Adj Color Temp Canless Recessed Light for Kitchen Bath Living rooms, White 4-Pack 91475",Commercial Electric,Recessed Light,lighting,102.58,4.6,100
72,"Commercial Electric Ultra Slim Integrated LED 4 in Round Adj Color Temp Canless Recessed Light for Kitchen Bath Living rooms, White 4-Pack 91470",Commercial Electric,Recessed Light,lighting,75.79,4.8,100
73,"Leviton Branch Circuit Breaker, AFCI/GFCI 1-Pole 20 Amp, 120-Volt, Thermal Magnetic LB120-DFR R12-LB120-DFR",Leviton,Circuit Breaker,electrical,69.0,4.7,100
74,Leviton 120-Volt/240-Volt Residential Whole House Surge Protector 51110-SRG R02-51110-SRG,Leviton,Other/Uncategorized,uncategorized,52.35,4.6,100
75,"Leviton Branch Circuit Breaker, AFCI 1-Pole 15 Amp, 120-Volt, Thermal Magnetic LB115-AFR R11-LB115-AFR",Leviton,Circuit Breaker,electrical,60.0,4.8,100
76,Square D Homeline 70 Amp 2-Space 4-Circuit Outdoor Main Lug Load Center(HOM24L70RBCP) HOM24L70RBCP,Square D,Circuit Breaker,electrical,38.8,4.7,100
77,"Leviton 15 Amp 120/277 Volt Single Pole Antimicrobial Treated Decora Rocker Switch, White, 5-Pack MA2-05601-5AW",Leviton,Electrical (Other),electrical,14.98,4.7,100
78,"Channellock 12 in. Oil Filter/PVC Plier, Angled Head 2012",Channellock,Pliers,uncategorized,27.45,4.4,100
79,Husky Encased Sewer Rod 82-974-111,Husky,Electrical Outlet,electrical,59.15,4.0,100
80,GE PowerMark Plus Outdoor 70 Amp 2-Space 4-Circuit Single-Phase Main Lug Circuit Breaker Panel TL270RCUP,GE,Circuit Breaker,electrical,43.89,4.6,80
81,Schlage Parthenon Antique Brass Single Cylinder Door Handle set with Georgian Knob F60 G PAR 609 GEO,Schlage,Deadbolt,locks,121.0,4.6,100
82,Cobra 5/16 in. x 50 ft. Cable Drum Machine BC260,Cobra,Drain,plumbing,314.0,3.7,80
83,"Legrand radiant 450W Multi-Location Master Rocker Dimmer for LED/CFL/Halogen/Incandescent Bulbs, White/Light Almond/Ivory HCL453PMMTC",Legrand,Light Bulb,lighting,58.99,0.0,90
84,Leviton 200 Amp 42-Space Indoor Load Center with Main Breaker LP420-BDR RD0-LP420-BDR,Leviton,Circuit Breaker,electrical,179.0,4.2,100
85,"RIDGID 3 Gal. 5.0 Peak HP NXT Shop Vacuum Wet Dry Vac with Filter, Locking Hose, Accessories and Pro Gear Attachment HD0300PG HD0300PG",RIDGID,Lock/Hardware,locks,139.97,4.7,80
86,DIABLO 9 in. 8 TPI Steel Demon AMPED Carbide Reciprocating Saw Blade for Thick Metal Cutting (2-Pack) DS0908CFAP,DIABLO,Saw,tools,19.88,4.6,100
87,Nite Ize GlowStreak LED Red Ball Dog Toy GSB-10-R7,Nite Ize,Other/Uncategorized,uncategorized,16.19,3.9,100
88,Nite Ize SlapLit Neon Yellow LED Slap Wrap SLP2-33-R3,Nite Ize,Other/Uncategorized,uncategorized,12.39,4.2,100
89,DIABLO 3/4 in. x 12 in. SDS-Plus Rebar Cutter DMAPLRC1050,DIABLO,Drill,tools,35.21,3.0,100
90,Husky 8 in. Standard Slip Joint Pliers 90146,Husky,Pliers,uncategorized,7.97,4.7,100
91,TITAN EP 60X Fine Finishing HVLP Paint Sprayer 2456369,TITAN,Paint,paint,349.99,4.4,100
92,Leviton 200 Amp 30-Space Indoor Load Center with Main Lugs LP322-LDR RS0-LP322-LDR,Leviton,Circuit Breaker,electrical,144.0,3.7,80
93,Milwaukee SHOCKWAVE Impact Duty Drill & Drive Set (21-Piece) 48-32-5163,Milwaukee,Drill,tools,19.88,4.7,100
94,DIABLO 10in. x 6-Teeth HardieBlade Saw Blade for Fiber Cement D1006DH,DIABLO,Saw,tools,102.87,4.9,100
95,Home Decorators Collection Silky Medallion Multi 5 ft. x 7 ft. Medallion Polyester Area Rug 5285.81.51HD,Home Decorators Collection,Other/Uncategorized,uncategorized,159.0,4.6,100
96,"Leviton 15 Amp Smartlock Pro Self-Test GFCI Combination 24-Watt (4.8 Amp) Type A USB In-Wall Charger Duplex Outlet, White R02-GUSB1-0BW",Leviton,Electrical Outlet,electrical,42.1,4.4,100
97,"Leviton 3.6A USB Dual Type A In-Wall Charger with 15 Amp Tamper-Resistant Outlets, Black T5632-BE R05-T5632-0BE",Leviton,Electrical Outlet,electrical,17.89,4.6,100
98,Kwikset San Clemente Matte Black Single Cylinder Low Profile Door Handleset with Halifax Handle Featuring SmartKey Security 818SCEXHFLSQ514,Kwikset,Deadbolt,locks,163.35,4.7,100
99,SharkBite 1/4 in. Push-to-Connect x 3/8 in. Compression Chrome-Plated Brass Tee Adapter Stop Valve U3358LFA,SharkBite,Pipe,plumbing,8.86,5.0,100
100,Cash Acme 3/4 in. FNPT Tankless Water Heater Valves Installation Kit 25760,Cash Acme,Water Heater,uncategorized,109.0,3.4,80
101,Kwikset Pismo Round Satin Nickel Dummy Door Knob Featuring Microban Antimicrobial Technology 788PSKRDT15CP,Kwikset,Door Knob,locks,15.96,4.9,100
102,SharkBite 3/4 in. PEX-A Brass Expansion x 3/4 in. FIP x 18 in. L Stainless Steel Flexible Water Heater Connector UAB3088FXSS18LF,SharkBite,Water Heater,uncategorized,16.06,5.0,100
103,Glacier Bay 22 in. Undermount Rectangular Vitreous China Bathroom Sink in White 14-027-W,Glacier Bay,Sink,plumbing,69.0,4.3,100
104,Milwaukee 9 in. 8 TPI TORCH Nitrus Carbide Teeth Metal Cutting SAWZALL Reciprocating Saw Blade w/Additional 9 in. 8 TPI Blade 48-00-5262PC,Milwaukee,Saw,tools,43.94,4.5,100
105,DIABLO 2 in. x 7 in. SDS-Max Carbide Tipped Coring Drill Bit DMAMXCC5010,DIABLO,Drill,tools,134.1,3.7,100
106,CyberPower 6 ft. 4-Outlet Power Station with Surge Protector PS406UC,CyberPower,Electrical Outlet,electrical,39.58,0.0,90
107,Home Decorators Collection 36 in. - 72 in. Telescoping 1 in. Single Curtain Rod Kit in Matte Black with Cage Finials UMB72FPEM10,Home Decorators Collection,Other/Uncategorized,uncategorized,42.98,4.8,100
108,StyleWell 6 in. x 8 in. Satin Nickel Steel Classic Arch Decorative Shelf Bracket 27790SNLHD,StyleWell,Other/Uncategorized,uncategorized,8.98,4.8,100
109,SunTouch Floor Warming 8 ft. x 30 in. 120-Volt Radiant Floor Heating Mat (Covers 20 sq. ft.) 12000830R,SunTouch Floor Warming,Other/Uncategorized,uncategorized,359.97,4.4,80
110,Bell + Howell Swivel Power 180-Degree Swiveling Design 6-Outlets & 3 USB Port Outlet Splitters Charging Wall Tap with Surge Protection 7544,Bell + Howell,Electrical Outlet,electrical,18.58,4.6,100
111,Lifetime 4 ft. One Hand Adjustable Height Fold-in-Half Table Almond 80726,Lifetime,Stain,paint,44.98,4.7,100
112,FIRM GRIP Pro Grip X-Large Black Synthetic Leather High Performance Glove 55283-06,FIRM GRIP,Other/Uncategorized,uncategorized,19.97,4.1,100
113,ULTRA PROGRADE ProWire Direct Wire 12 in. LED Oil-Rubbed Bronze Under Cabinet Light 64769-T1,ULTRA PROGRADE,Light Fixture,lighting,34.97,4.5,100
114,"HDX 20 in. x 25 in. x 6 in. AprilAire and Space-Gard Replacement Pleated Air Filter (Without Frame) FPR 7, MERV 11 HDX-A201-11-6",HDX,Other/Uncategorized,uncategorized,31.98,4.1,100
115,Square D Homeline 225 Amp 40-Space 80-Circuit Indoor Main Lug Plug-On Neutral Load Center with Cover HOM4080L225PC,Square D,Circuit Breaker,electrical,199.0,4.9,100
116,Master Flow 4 in. x 25 ft. Insulated Flexible Duct R6 Silver Jacket F6IFD4X300,Master Flow,Other/Uncategorized,uncategorized,57.71,4.7,100
117,Pfister 971-250 2-3/4 in. Replacement Valve Stem Assembly for 08 Series Tub and Shower Single-Handle Faucets 864540,Pfister,Faucet,plumbing,29.08,4.2,100
118,PEAK Aluminum Railing 6 in. W Black Aluminum Deck Railing Wall Mount Bracket Kit for 42 in. high system 50921,PEAK Aluminum Railing,Other/Uncategorized,uncategorized,20.88,4.5,100
119,PEAK Aluminum Railing 6 in. W Black Aluminum Deck Railing Universal Connector for 42 in. high system 50901,PEAK Aluminum Railing,Other/Uncategorized,uncategorized,34.97,4.5,100
120,Home Decorators Collection 72 in. - 144 in. Telescoping 1 in. Double Curtain Rod in Brushed Nickel with Crystal Square Finials U-BN144FOMS03,Home Decorators Collection,Drill,tools,78.77,4.7,100
121,CyberPower 15 ft. 6-Outlet Cord 1500J Surge Protector B615,CyberPower,Electrical Outlet,electrical,29.99,4.8,100
122,Hampton Bay Denbeck 4.5 in. W Matte Black 1-Light Sconce Clear Glass KVB1301AX-01,Hampton Bay,Lighting (Other),lighting,32.7,4.4,100
123,Digz Women's Medium Comfort Grip Garden Gloves 74876-014,Digz,Other/Uncategorized,uncategorized,7.47,4.2,100
124,Hampton Bay Wesleigh 59 in. Aged Brass Standard LED Indoor Floor Lamp 3 CCT Dimmer Switch with Brass Metal Shade HD-2158-AGB,Hampton Bay,Floor Lamp,lighting,79.97,4.1,100
125,3M 3-3/4 in. x 2-5/8 in. x 1 in. 60 Grit Sanding Sponge Coarse (12-Pack) CP002-12P,3M,Paint,paint,31.41,4.6,100
126,3M Organic Vapor Replacement Cartridges (1-Pair) 6001P1-DC,3M,Paint,paint,14.98,4.7,100
127,3M ScotchBlue 0.94 in. x 60 yds. Sharp Lines Painter's Tape with Edge-Lock 2093-24NC,3M,Paint,paint,4.81,4.0,100
128,Home Decorators Collection Raleigh Jute Boucle Natural 6 ft. x 9 ft. Area Rug 8959830106x9,Home Decorators Collection,Other/Uncategorized,uncategorized,169.0,4.5,100
129,"ReVent 110 CFM Ceiling/Wall Mount Easy Roomside Installation Bathroom/Bath Exhaust Fan w/ Adjustable LED Lighting, ENERGY STAR RVL110-D",ReVent,Lighting (Other),lighting,165.62,4.2,100
130,Hampton Bay Raeburn 23 in. Steel and Marble Aged Brass Indoor Table Lamp with Black Fabric Shade HD-2166-AGB,Hampton Bay,Table Lamp,lighting,29.97,4.2,100
131,Airthings Wave Radon Battery Operated Smart Radon Detector 2951,Airthings,Other/Uncategorized,uncategorized,139.9,4.3,80
132,Hampton Bay 120-Volt 150-Watt Black Single Circuit Linear Track Pendant or Chandelier Adapter Track Lighting Connector 804969,Hampton Bay,Chandelier,lighting,16.97,5.0,100
133,FastenMaster Collated Cortex Hidden Fastening System for AZEK Trim - 2 inch Cortex screws and plugs - Traditional (250 LF) FMCTXTCL-AZ2TDHD2,FastenMaster,Other/Uncategorized,uncategorized,165.0,3.6,100
134,Hampton Bay Indoor/Outdoor 12-Light 24 ft. Smart Plug-in Edison Bulb RGBW Color Changing LED String Light Powered by Hubspace HB-10521-HS,Hampton Bay,String Lights,lighting,64.97,3.7,100
135,"Milwaukee AIR-TIP Claw Utility Nozzle, Rotating Corner Brush, Flexible Long Crevice Tool For Wet/Dry Vacuums Automotive Set (3-Pc) 49-90-2042",Milwaukee,Tool (Other),tools,59.97,4.4,100
136,PUR PLUS 30 Cup Dispenser - Water Filter Pitcher DS1810ZA,PUR,Plumbing (Other),plumbing,39.35,3.8,100
137,PUR PLUS 11 Cup Pitcher - Water Filter Pitcher PPT110WA,PUR,Plumbing (Other),plumbing,34.99,4.6,100
138,HDX Natural Cream Painters Cotton Spray Sock Hood (3-Pack) 09305-12HDX,HDX,Paint,paint,8.59,4.9,100
139,"Leviton 3.6A USB Dual Type A In-Wall Charger with 15 Amp Tamper-Resistant Outlets, White T5632-BW R02-T5632-0BW",Leviton,Electrical Outlet,electrical,17.89,4.6,100
140,Empire 9 in. True Blue Professional Magnetic Torpedo Level (2-Pack) EM81.9G,Empire,Other/Uncategorized,uncategorized,16.1,4.7,100
141,CASTICO 32 in. W x 60 in. L x 1.125 in. H Alcove Solid Composite Stone Shower Pan Base with L/R Drain in Carrara Sand 1B1S-3260SECA,CASTICO,Bathtub,uncategorized,519.0,3.9,100
142,ULTRA PROGRADE ProWire Direct Wire 24 in. LED Oil-Rubbed Bronze Under Cabinet Light 64771-T1,ULTRA PROGRADE,Light Fixture,lighting,54.97,4.5,100
143,360 Electrical 24-Watt Revolve 4-Outlet Surge Protector 3E0775-WHT6NA,360 Electrical,Electrical Outlet,electrical,34.99,5.0,100
144,360 Electrical 45-Watt Revolve 4-Outlet Surge Protector 3E0771-WHT6NA,360 Electrical,Electrical Outlet,electrical,59.99,4.0,100
145,"Leviton Decora 20 Amp 125-Volt Combination Duplex Outlet and USB Outlet, White T5832-BW R02-T5832-0BW",Leviton,Electrical Outlet,electrical,29.99,4.6,100
146,Defiant Smart Outdoor 4 ft. 6-Outlet Power Stake Timer with Holiday Lights Projector Powered by Hubspace LH-7-6-4FT,Defiant,Electrical Outlet,electrical,24.79,4.4,100
147,"EcoSmart 6 in. Integrated LED White Canless New Construction or Remodel Dimmable Recessed Light Trim Soft White, (4-Pack) NB01aA10FR1-279",EcoSmart,Recessed Light,lighting,24.97,4.6,100
148,"EcoSmart 5/6 in. Integrated LED Recessed Retrofit Light Trim 3000K, (4-Pack) NB01cA10FR1-309",EcoSmart,Recessed Light,lighting,24.97,4.6,100
149,Commercial Electric 12 in. LED Linkable White Flexible Tape Under Cabinet Light Kit (4-Strip Pack) 421100,Commercial Electric,Lighting (Other),lighting,32.97,4.2,100
150,"Enbrighten 12 Bulb 24 ft. Outdoor/Indoor Black Vintage LED String Lights, Acrylic Edison Bulbs 35629",Enbrighten,String Lights,lighting,63.5,4.8,100
151,Hampton Bay Richland 1-Light Dark Bronze Mini-Pendant Design Clear Seedy Glass KSF8901AX-01/DB,Hampton Bay,Lighting (Other),lighting,88.88,4.6,100
152,GE Whole House Water Filtration System GXWH50M,GE,Plumbing (Other),plumbing,148.99,3.8,100
153,"VELUX 2 ft. Rigid Extension Tube for TGR 010, THR 010, TSR 010, and TMR 010 Sun Tunnel Skylight ZTR 010 0002",VELUX,Lighting (Other),lighting,55.0,4.7,100
154,VELUX 10 in. Acrylic Dome Sun Tunnel Skylight with Rigid Tube and Pitched High Density Flashing THR 010 0000,VELUX,Lighting (Other),lighting,249.0,4.5,100
155,VELUX 22.5 in. x 22.5 in. Fixed Curb-Mount Skylight with Tempered Low-E3 Glass FCM 2222 0005,VELUX,Lighting (Other),lighting,193.3,4.7,100
156,Glacier Bay Bratten 33 in. Drop-In 50/50 Double Bowl 18 Gauge Stainless Steel Kitchen Sink with Accessories VT3322TA0ACC,Glacier Bay,Sink,plumbing,229.0,4.5,100
157,BEYOND BRIGHT 25-Watt LED Lamp Light Bulbs 6500K 3700-Lumens with Built-In Bluetooth Speaker BEBRSW-PD24,BEYOND BRIGHT,Light Fixture,lighting,39.99,3.4,100
158,"EcoSmart 6 in. Integrated LED White Canless New Construction or Remodel Dimmable Recessed Light Trim Daylight, (4-Pack) NB01aA10FR1-509",EcoSmart,Recessed Light,lighting,27.99,4.6,100
159,VELUX 22-1/2 in. x 46-1/2 in. Fixed Curb-Mount Skylight with Tempered Low-E3 Glass FCM 2246 0005,VELUX,Lighting (Other),lighting,292.0,4.7,100
160,Home Decorators Collection Kenton 4.75 in. 1-Light Vintage Bronze Industrial Wall Sconce with Cage Frame Detail HB15016-310,Home Decorators Collection,Wall Sconce,lighting,27.49,4.7,100
161,Home Decorators Collection Harmony Denim 5 ft. x 7 ft. Indoor Machine Washable Area Rug 610273,Home Decorators Collection,Other/Uncategorized,uncategorized,159.0,4.6,100
162,Home Decorators Collection Sirrine 17.25 in. 2-Light Black Outdoor Wall Light Fixture Sconce with Clear Seeded Glass KB27704,Home Decorators Collection,LED Light Bulb,lighting,79.97,4.7,100
163,VELUX 21 in. x 45-3/4 in. Fixed Deck-Mount Skylight with Laminated Low-E3 Glass FS C06 2004,VELUX,Lighting (Other),lighting,445.86,4.6,100
164,"Ring Smart Lighting - Low Voltage Lighting Transformer (12-Volt x 15-Volt, 200-Watt), Black (Bridge Required) B09MV6PNMQ",Ring,Lighting (Other),lighting,99.99,4.5,100
165,TrimMaster Satin Nickel 5.5mm x 74 in. Aluminum Stair Nosing Floor Transition Strip HLVT7SN74,TrimMaster,Other/Uncategorized,uncategorized,25.99,4.3,80
166,RYOBI ONE+ 18V Cordless Hybrid 3000 Lumens LED Panel Light (Tool Only) PCL631B,RYOBI,Lighting (Other),lighting,96.92,4.9,100
167,Hampton Bay Ashhurst 1-Light ORB Wall Sconce with Switch JIB8401AX-02/OR,Hampton Bay,Wall Sconce,lighting,18.97,4.8,100
168,Glacier Bay 33 in. Drop-In Single Bowl 18 Gauge Stainless Steel Kitchen Sink with Pull-Down Faucet VT3322D1,Glacier Bay,Faucet,plumbing,299.0,4.5,100
169,Hampton Bay Ashhurst 1-Light Brushed Nickel Wall Sconce with Switch JIB8401AX-02/BN,Hampton Bay,Wall Sconce,lighting,18.97,4.8,100
170,Commercial Electric 11 in. 100-Watt Equivalent Oil-Rubbed Bronze Integrated LED Flush Mount with Frosted Glass Shade (2-Pack) HQV8011L/ORB,Commercial Electric,Flush Mount Light,lighting,40.47,4.1,100
171,Hampton Bay Pratford 2.6 ft. 4-Light Brushed Nickel Integrated LED Fixed Track Lighting Kit 23055-000,Hampton Bay,Track Light,lighting,94.97,4.6,100
172,Hampton Bay Lamar Park 50 Lumen Low Voltage Black Integrated LED Waterproof Outdoor Path Lights with Easy Clip Connectors (6-Pack) L08207,Hampton Bay,Lighting (Other),lighting,69.97,4.1,80
173,CASTICO 36 in. W x 60 in. L x 1.125 in. H Alcove Solid Composite Stone Shower Pan Base with L/R Drain in Carrara Sand 1B1S-3660SECA,CASTICO,Drain,plumbing,609.0,4.5,100
174,Milwaukee AIR-TIP 1-1/4 in. - 2-1/2 in. Pivoting Extension Wand Wet/Dry Shop Vacuum Attachment (1-Piece) 49-90-2031,Milwaukee,Other/Uncategorized,uncategorized,19.97,4.7,100
175,KOHLER Capilano Single-Handle 3-Spray Tub and Shower Faucet in Vibrant Brushed Nickel (Valve Included) K-R26930-4G-BN,KOHLER,Faucet,plumbing,180.0,3.6,100
176,Feit Electric OneSync Landscape 40 Lumens Bronze Solar Integrated LED Outdoor Path Light with Dusk-To-Dawn Multi-CCT+RGB Wireless PATH/SYNC/SOL/BZ/RP,Feit Electric,Lighting (Other),lighting,48.24,4.0,100
177,Home Decorators Collection Closmere 5 in. 1-Light Brushed Gold Mid-Century Modern Wall Sconce with Clear Glass Shade HB3696-338,Home Decorators Collection,Wall Sconce,lighting,59.97,4.7,100
178,Hampton Bay Darlington 4.5 in. 1-Light Brushed Nickel Transitional Wall Sconce with Frosted Opal Glass Shade 17678,Hampton Bay,Wall Sconce,lighting,39.99,4.6,100
179,Hampton Bay Byrson 6 in. 1-Light Matte Black Wall Sconce Light with Plug-In/Hardwire White Fabric Shade for Indoor Use 65755,Hampton Bay,Wall Sconce,lighting,44.97,4.0,100
180,Home Decorators Collection Keighley Integrated LED Chrome and Crystal Indoor Wall Sconce Light Fixture C6360,Home Decorators Collection,Vanity Light,lighting,79.97,4.7,100
181,Hampton Bay Upton Brushed Nickel LED Sconce RS513859,Hampton Bay,Wall Sconce,lighting,64.97,4.7,100
182,Hampton Bay Obsidian 8.5 in. 1-Light Brushed Nickel Wall Sconce with Frosted Glass Shade RS228470,Hampton Bay,Wall Sconce,lighting,44.97,4.6,100
183,Home Decorators Collection Downing 1-Light Polished Nickel/Corona Bronze Wall Sconce 28011,Home Decorators Collection,Wall Sconce,lighting,59.97,4.8,100
184,Glacier Bay Stancliff 25 in. Single Sink Elm Ember Bath Vanity with White Cultured Marble Top (Assembled) ST24P2-EE,Glacier Bay,Door Hinge,locks,269.0,4.3,100
185,Glacier Bay 33 in. Drop-In 60/40 Double Bowl 18 Gauge Stainless Steel Kitchen Sink with Pull-Down Faucet VT3322G2,Glacier Bay,Faucet,plumbing,329.0,4.6,100
186,Feit Electric OneSync Landscape 40 Lumens Bronze Solar Integrated LED Outdoor Path Light w/Dusk-To-Dawn CCT+RGB Wireless Remote 2-Pack PATHSYNC/SOL/BZ/2/RP,Feit Electric,Lighting (Other),lighting,99.26,3.6,100
187,Commercial Electric 11 in. White Integrated LED Dimmable Flush Mount Puff with Adjustable CCT and RGB at 1400 Lumens Powered by Hubspace CD44bRGBW11W,Commercial Electric,Flush Mount Light,lighting,31.85,4.4,100
188,Hampton Bay 540 Lumen Low Voltage Millennium Black Adjustable Light Color Integrated LED Outdoor Landscape Flood Light IWH1501LL-5,Hampton Bay,Lighting (Other),lighting,49.97,4.6,100
189,Hampton Bay 10-Watt Equivalent Low Voltage Black LED Outdoor Spotlight with Smart App Control (1-Pack) Powered by Hubspace L08557-BK,Hampton Bay,Lighting (Other),lighting,51.78,4.1,100
190,Commercial Electric 36 in. LED White Direct Wire Under Cabinet Light 57005N-WH,Commercial Electric,Lighting (Other),lighting,49.47,4.3,100
191,ULTRA PROGRADE ProWire Direct Wire 18 in. LED Oil-Rubbed Bronze Under Cabinet Light 64770-T1,ULTRA PROGRADE,Light Fixture,lighting,44.97,4.5,100
192,Home Decorators Collection Harmony Denim 2 ft. x 7 ft. Indoor Machine Washable Runner Rug 607228,Home Decorators Collection,Other/Uncategorized,uncategorized,39.97,4.6,100
193,Hampton Bay 10-Watt Equivalent Low Voltage Black LED Outdoor Landscape Spotlight with Smart App Control (3-Pack) Powered by Hubspace L08557,Hampton Bay,Lighting (Other),lighting,129.0,4.1,100
194,DIABLO 2-3/4 in. x 5 in. 100-Grit SandNET Reusable Sanding Sheets DND234100S10N,DIABLO,Other/Uncategorized,uncategorized,9.97,4.4,100
195,Husky Folding Lock-Back Utility Knife (3-Pack) 99732,Husky,Lock/Hardware,locks,21.97,4.7,100
196,Hampton Bay 75-Watt Equivalent Low Voltage Black LED Outdoor Landscape Flood Light Powered by Hubspace L08157,Hampton Bay,Lighting (Other),lighting,59.17,3.8,100
197,"HALO H99 4 in. Steel Recessed Lighting Housing for Remodel Ceiling, No Insulation Contact, Air-Tite (6-Pack) H99RTAT-6PK",HALO,Recessed Light,lighting,128.88,4.1,100
198,DIABLO 2-3/4 in. x 5 in. 150-Grit SandNET Reusable Sanding Sheets DND234150S10N,DIABLO,Other/Uncategorized,uncategorized,9.95,4.4,100
199,Wagner Control Pro 130 High Efficiency Airless Power Tank Paint and Stain Sprayer 580678,Wagner,Paint,paint,229.0,3.9,100
200,Home Decorators Collection 37 in. W x 22 in D Quartz white Rectangular Single Sink Vanity Top in Snow Orchid BT37BQ1388-RS,Home Decorators Collection,Sink,plumbing,309.0,4.4,100
201,Home Decorators Collection 37 in. W x 22 in. D Cultured Marble White Rectangular Single Sink Vanity Top in Everest SE37THR-ER,Home Decorators Collection,Faucet,plumbing,429.0,4.0,100
202,PRIVATE BRAND UNBRANDED Safety Glasses Indoor and Outdoor mirror Hard Coat EP6100 EP6100 Indoor&Outdoor mirror,PRIVATE BRAND UNBRANDED,Other/Uncategorized,uncategorized,9.88,4.7,100
203,FREEZE MISER Outdoor Faucet Freeze Protector 2 Pack 6000-02,FREEZE MISER,Faucet,plumbing,58.95,4.6,100
204,"Hampton Bay 80 CFM Ceiling Mount Room Side Installation Heavy-Duty Bathroom Exhaust Fan, ENERGY STAR BPT13-14MG",Hampton Bay,Other/Uncategorized,uncategorized,59.98,4.5,100
205,DIABLO 6-1/2in. x 24-Teeth Framing Circular Saw Blade for Wood (2-Pack) D0624RVP,DIABLO,Saw,tools,12.88,4.8,100
206,DIABLO 4-1/2 in. Turbo Rim Masonry Diamond Cut Off Blade Value Pack (2-Pack) DDD045TUR1VP,DIABLO,Other/Uncategorized,uncategorized,19.88,4.8,100
207,TrafficMaster Quince Navy/Blue 5 x 7 Medallion Vinyl Area Rug 8214.42.51HD,TrafficMaster,Stain,paint,69.0,4.7,100
208,Home Decorators Collection Harmony Gray 5 ft. x 7 ft. Abstract Indoor Machine Washable Area Rug 610303,Home Decorators Collection,Other/Uncategorized,uncategorized,159.0,4.3,100
209,DIABLO SPEEDemon High Speed Steel Spade Bit Set with Pouch (10-Piece) DSP2940-S10,DIABLO,Drill,tools,12.88,4.7,100
210,Delta Lyndall 24 in. Wall Mount Towel Bar Bath Hardware Accessory in Polished Chrome LDL24-PC,Delta,Other/Uncategorized,uncategorized,34.64,3.8,100
211,3M 13.8 oz. Super 77 Multipurpose Spray Adhesive 77-DSC,3M,Other/Uncategorized,uncategorized,13.27,4.4,100
212,Everbilt Electric Water Heater Installation Kit EBWCB-07-18EKIT,Everbilt,Water Heater,uncategorized,52.37,4.0,100
213,SharkBite Max 3/4 in. Push-to-Connect x 3/4 in. FIP x 18 in. Braided Stainless Steel Water Heater Connector UR3088FX18,SharkBite,Water Heater,uncategorized,19.99,4.8,100
214,Philips Advance 40-Watt (F40T12) 1 or 2 Lamp 4 ft. T12 120V Rapid Start High Frequency Electronic Replacement Ballast (RELB2S40N) 520395,Philips Advance,Lighting (Other),lighting,24.47,4.6,100
215,KOHLER Setra Single-Handle Semi-Professional Kitchen Sink Faucet with Soap Dispenser in Matte Black K-R29343-SD-BL,KOHLER,Faucet,plumbing,299.0,4.4,100
216,Delta Crestfield Toilet Paper Holder in Brushed Nickel 138035,Delta,Other/Uncategorized,uncategorized,30.88,4.6,100
217,Delta Crestfield 24 in. Wall Mounted Towel Bar in Brushed Nickel 138031,Delta,Other/Uncategorized,uncategorized,37.93,4.7,100
218,KOHLER Kennon 33 in. Drop-In 1-Hole Single Bowl Neoroc Granite Composite Kitchen Sink in Matte Black RH8437-1-CM1,KOHLER,Sink,plumbing,334.68,4.4,100
219,Feit Electric 6 ft. Plug-In White Strip Light Cuttable Linkable Integrated LED Color Changing CCT Onesync Under Cabinet Light (1-Pack) UCL72/FLEX/5CCT,Feit Electric,Electrical Outlet,electrical,36.97,3.9,100
220,Scotch 3/4 in. x 30 ft. Linerless Rubber Splicing Tape 41717-BX-10,Scotch,Other/Uncategorized,uncategorized,14.41,4.8,100
221,Delta Greenwich II Wall Mount Round Closed Towel Ring Bath Hardware Accessory in Brushed Nickel GRE46-BN,Delta,Other/Uncategorized,uncategorized,17.98,4.7,100
222,Delta Crestfield 18 in. Towel Bar in Brushed Nickel 138029,Delta,Other/Uncategorized,uncategorized,39.19,4.7,100
223,Glacier Bay Builders 2-Handle Deck-Mount Roman Tub Faucet in Brushed Nickel 461-3004,Glacier Bay,Faucet,plumbing,183.69,4.4,100
224,DIABLO Speed Demon High Speed Steel Spade Bit Set With Pouch (16-Piece) DSP2980-S16P,DIABLO,Drill,tools,21.87,4.7,100
225,Delta Eldridge Single-Handle Pull Down Sprayer Kitchen Faucet with ShieldSpray Technology in Polished Chrome 19842Z-SD-DST,Delta,Faucet,plumbing,189.0,4.5,100
226,StyleWell Beckett Charcoal 6 ft. x 9 ft. Modern Geometric Living Room/Bedroom/Dining Room Area Rug GCEL04A-6709,StyleWell,Other/Uncategorized,uncategorized,74.97,4.7,100
227,Home Decorators Collection Fog Sage 5 ft. 3 in. x 7 ft. Indoor Area Rug 374100,Home Decorators Collection,Other/Uncategorized,uncategorized,154.74,4.2,100
228,Rubbermaid Roughneck 32 Gal. Vented Black Round Trash Can with Lid 2149500,Rubbermaid,Other/Uncategorized,uncategorized,29.97,4.4,100
229,Milwaukee SHOCKWAVE Impact Duty 1 in. Square #2 Alloy Steel Insert Bit (10-Pack) 48-32-5008,Milwaukee,Other/Uncategorized,uncategorized,9.97,4.6,100
230,DEWALT MAXFIT ULTRA 3-1./2 in. Phillips 3 Steel Screwdriving Bit DWAF3PH3-1H,DEWALT,Other/Uncategorized,uncategorized,3.97,4.5,100
231,DEWALT 3.5 in. MAXFIT SQ2 Bit Tip DWA3SQ2-1,DEWALT,Drill,tools,3.86,4.0,100
232,DEWALT MAXFIT ULTRA 1 in. T25 Steel Screwdriving Bits (2-Pack) DWAF1TX25-2H,DEWALT,Other/Uncategorized,uncategorized,3.97,4.5,100
233,DEWALT MAXFIT ULTRA 3/8 in. Carbon Steel Drive Socket Set (6-Piece) with 1/4 in. Adapter DWAFSFS6,DEWALT,Other/Uncategorized,uncategorized,19.97,4.7,100
234,Delta Greenwich II 18 in. Wall Mount Towel Bar Bath Hardware Accessory in Brushed Nickel GRE18-BN,Delta,Other/Uncategorized,uncategorized,23.98,4.6,100
235,Coolaroo Oatmeal Cordless Light Filtering Fade Resistant Fabric Exterior Roller Shade 96 in. W x 72 in. L 458379,Coolaroo,Lighting (Other),lighting,92.98,4.1,100
236,Coolaroo Brown Cordless Light Filtering Fade Resistant Polypropylene Exterior Roller Shade 96 in. W x 72 in. L 458348,Coolaroo,Lighting (Other),lighting,92.98,4.1,100
237,Hampton Bay Commercial Wall-Mount Hose Reel 709,Hampton Bay,Other/Uncategorized,uncategorized,104.54,4.4,100
238,Coolaroo Oatmeal Cordless Light Filtering Fade Resistant Polypropylene Exterior Roller Shade 72 in. W x 72 in. L 458362,Coolaroo,Lighting (Other),lighting,72.98,4.1,100
239,Klein Tools Digital Dual Range Non Contact Voltage Tester with LED Flashlight 12-1000V AC NCVT-3PR,Klein Tools,Light Fixture,lighting,29.97,4.6,100
240,Home Decorators Collection 37 in. W x 22 in. D Engineered Stone Composite White Rectangular Single Sink Vanity Top in Pulsar SE37R-PR,Home Decorators Collection,Faucet,plumbing,299.0,4.0,100
241,MOEN Genta Single-Handle 1-Spray Tub and Shower Faucet in Matte Black (Valve Included) 82760BL,MOEN,Faucet,plumbing,185.47,4.2,100
242,DEWALT MAXFIT ULTRA 3/8 in. Carbon Steel Drive Socket Set (6-Piece) with 1/4 in. Adapter DWAFSFS6,DEWALT,Other/Uncategorized,uncategorized,19.97,4.7,100
243,DEWALT MAXFIT 2 in. #25 Torx Bit with Small Bulk Storage (15-Piece) DWA2TX25MF15,DEWALT,Other/Uncategorized,uncategorized,14.69,4.9,100
244,DEWALT MAXFIT ULTRA 2 in. Phillips 3 Steel Screwdriving Bits (2-Pack) DWAF2PH3-2H,DEWALT,Other/Uncategorized,uncategorized,4.47,4.5,100
245,Husky 8 in. Classic Anvil Pruner Husky-16,Husky,Other/Uncategorized,uncategorized,14.98,4.1,100
246,Oatey Designline 4 in. x 4 in. Stainless Steel Square Shower Drain with Square Pattern Drain Cover DSS2040R2,Oatey,Electrical Outlet,electrical,44.61,4.8,100
247,RYOBI ONE+ 18V Cordless High Power Inflator P738,RYOBI,Valve,plumbing,40.0,4.6,100
248,Oatey Designline 6 in. x 6 in. Stainless Steel Square Shower Drain with Square Pattern Drain Cover DSS2060R2,Oatey,Electrical Outlet,electrical,52.37,4.8,100
249,Cerrowire 100 ft. 14 Gauge Green Solid Copper THHN Wire 112-1475CR,Cerrowire,Other/Uncategorized,uncategorized,50.0,4.7,100
250,Coast G450 1630 Lumens Alkaline LED Handheld Flashlight 21864,Coast,Lighting (Other),lighting,41.02,4.8,100
251,DEWALT MAXFIT Impact Rated 2 in. #2 Philips Steel Screwdriver Drill Bit (2-Piece) DWA2PH2MF2,DEWALT,Drill,tools,4.47,3.4,100
252,DEWALT MAXFIT 1 in. #2 Philips Bit (2-Piece) DWA1PH2MF2,DEWALT,Other/Uncategorized,uncategorized,3.97,4.0,100
253,Leviton 100 Amp 20-Space Indoor Load Center with Main Breaker LP210-BDR RD0-LP210-BDR,Leviton,Circuit Breaker,electrical,104.0,5.0,100
254,Hampton Bay Bryson 1-Light Matte Black Wall Sconce 65740,Hampton Bay,Wall Sconce,lighting,29.97,4.7,100
255,Bondo 8 sq. ft. Fiberglass Cloth 20128,Bondo,Other/Uncategorized,uncategorized,6.62,4.6,100
256,Philips 40-Watt Equivalent G16.5 Smart Wi-Fi Vintage Edison LED Light Bulb Tunable White 2700 (K) WiZ with Bluetooth (1-Pack) 567271,Philips,LED Light Bulb,lighting,13.97,4.7,100
257,HDX 36 in. Flat Bungee with Carabiner 56153,HDX,Other/Uncategorized,uncategorized,5.74,4.8,100
258,DEWALT MAXFIT 2 in. #1 Square Bit (2-Piece) DWA2SQ1MF2,DEWALT,Other/Uncategorized,uncategorized,4.47,4.8,100
259,DEWALT MAXFIT ULTRA 2 in. Phillips 1 Steel Screwdriving Bits (2-Pack) DWAF2PH1-2H,DEWALT,Other/Uncategorized,uncategorized,4.47,4.5,100
260,Liberty 10-Pack Top Ring 1-1/4 in. (31 mm) Classic Matte Black Round Cabinet Knobs P40052C-FB-SP,Liberty,Other/Uncategorized,uncategorized,15.98,4.7,100
261,Home Decorators Collection Westcourt 30 in. W x 22 in. D x 34 in. H Bath Vanity Cabinet without Top in Sterling Gray WT30-ST,Home Decorators Collection,Other/Uncategorized,uncategorized,469.0,3.6,100
262,Delta Foundations 2-Piece 1.1 GPF/1.6 GPF Dual Flush Elongated Toilet in White C43913D-WH,Delta,Toilet,plumbing,174.0,4.3,100
263,Delta Foundations 2-Piece 1.1 GPF/1.6 GPF Dual Flush Round Toilet in White C41913D-WH,Delta,Toilet,plumbing,179.0,4.6,100
264,"Commercial Electric Box on Top Integrated LED 6 in Round Canless Recessed Light for Kitchen Bathroom Livingroom, White Soft White 6-Pack 91515",Commercial Electric,Recessed Light,lighting,79.47,4.5,100
265,Delta Foundations 2-Piece 1.28 GPF Single Flush Elongated Toilet in White C43913-WH,Delta,Toilet,plumbing,159.0,4.4,100
266,Commercial Electric 8 in. Multi-Purpose Wiring Tool CE190206,Commercial Electric,Tool (Other),tools,18.98,4.3,100
267,Philips 40-Watt Equivalent A15 Smart Wi-Fi Vintage Edison LED Light Bulb Tunable White 2700 (K) WiZ with Bluetooth (1-Pack) 567222,Philips,LED Light Bulb,lighting,12.97,4.2,100
268,Hampton Bay Cairo 160 Lumen Low Voltage Square Transitional Black Integrated LED Waterproof Outdoor Landscape Path Light (1-Pack) L08457,Hampton Bay,Lighting (Other),lighting,30.34,3.9,100
269,Home Decorators Collection Palermo Grove 10 in. 1-Light Gilded Iron Farmhouse Kitchen Island Mini-Pendant with Hand Painted Walnut Accents 7927HDC,Home Decorators Collection,Lighting (Other),lighting,99.97,4.7,100
270,Philips 60-Watt Equivalent G25 Smart Wi-Fi Vintage Edison LED Light Bulb Tunable White 2700 (K) with Bluetooth (1-Pack) 567214,Philips,LED Light Bulb,lighting,12.97,4.0,100
271,"Commercial Electric Box on Top Integrated LED 4 in Round Canless Recessed Light for Kitchen Bathroom Livingroom, White Soft White 6-Pack 91514",Commercial Electric,Recessed Light,lighting,69.97,4.5,100
272,Vigoro Torenia 64 in. Black Steel Shepherd Hook 87217,Vigoro,Other/Uncategorized,uncategorized,25.97,4.8,100
273,Home Decorators Collection 49 in. W x 22 in. D Ceramic White Rectangular Single Sink Vanity Top in Winter Mist SERST49-WM,Home Decorators Collection,Faucet,plumbing,409.0,4.0,100
274,TrafficMaster Walnut Ember Java 4 MIL x 6 in. W x 36 in. L Peel and Stick Water Resistant Luxury Vinyl Plank Flooring (36 sqft/case) HP3087C,TrafficMaster,Plumbing (Other),plumbing,46.44,4.6,100
275,DEWALT Original Equipment 3-In-1 Blade for 21 in. Battery Powered Walk-Behind Mowers DWO1DT233,DEWALT,Other/Uncategorized,uncategorized,30.27,4.0,100
276,Hampton Bay Halophane 5-Light Brushed Nickel Chandelier with Frosted Ribbed Glass Shades WB0390/SC-1,Hampton Bay,Chandelier,lighting,49.97,4.7,100
277,Commercial Electric 7 in. Wire Cutting Pliers CE180837,Commercial Electric,Pliers,uncategorized,15.97,4.2,100
278,Unbranded Brushed Nickel Metal Oblong Pendant Shade with 2-1/4 in. Fitter 801255,Unbranded,Pendant Light,lighting,19.97,4.6,100
279,"Commercial Electric Box on Top Integrated LED 6 in Round Canless Recessed Light for Kitchen Bathroom Livingroom, White Soft White 91512",Commercial Electric,Recessed Light,lighting,14.97,4.5,100
280,"Scotch 3/4 in x 1.5ft White Indoor Fasteners, 1 Set of Strips RF4710",Scotch,Other/Uncategorized,uncategorized,4.21,2.2,100
281,Glacier Bay Round Front Toilet Seat in Oak Veneer TSVRD001-HD,Glacier Bay,Toilet,plumbing,29.68,4.2,100
282,EcoSmart 6.5 ft. RGBWIC Dynamic Color Changing Dimmable Linkable Plug-In LED Neon Flex Strip Light with Remote Control LR1321-RGBWIC-N,EcoSmart,Lighting (Other),lighting,14.68,4.1,100
283,FIRM GRIP Medium Flex Cuff Outdoor and Work Gloves (2-Pack) 43126-20,FIRM GRIP,Other/Uncategorized,uncategorized,12.88,4.4,100
284,Commercial Electric 4-Piece Nut Driver CE180651,Commercial Electric,Other/Uncategorized,uncategorized,14.97,4.4,100
285,"Werner 8 ft. - 10 ft., 22.5 in. x 54 in. Wood Attic Ladder with 250 lb. Maximum Load Capacity WU2210",Werner,Other/Uncategorized,uncategorized,239.0,4.1,100
286,Delta Foundations 2-Piece 1.28 GPF Single Flush Round Toilet in White C41913-WH,Delta,Toilet,plumbing,149.0,4.5,100
287,Milwaukee X-Large Performance Work Gloves 48-22-8723,Milwaukee,Other/Uncategorized,uncategorized,14.97,4.4,100
288,"Hampton Bay Wireless Battery Operated Tabletop Doorbell Kit with LED Strobe Light and Wireless Push Button, White HB-7778-02",Hampton Bay,Lighting (Other),lighting,39.98,4.0,100
289,Concord Global Trading Retro Gray 3 ft. x 4 ft. Contemporary Area Rug 46623,Concord Global Trading,Other/Uncategorized,uncategorized,22.0,4.8,100
290,"Gorilla Ladders 19 ft. Reach MPXT Aluminum Multi-Position Ladder with Project Top, 375 lbs. Load Capacity Type IAA Duty Rating GLMPXT-19-COM",Gorilla Ladders,Other/Uncategorized,uncategorized,259.0,4.8,100
291,Frost King 3/8 in. x 7/8 in. x 17 ft. Tan Vinyl Clad Foam Weatherstrip with Flange 1700/17,Frost King,Other/Uncategorized,uncategorized,10.47,4.1,100
292,MOEN Haelyn Single-Handle Pull-Down Sprayer Kitchen Faucet with Reflex and Power Boost in Spot Resist Stainless 87627SRS,MOEN,Faucet,plumbing,189.0,4.6,100
293,Philips 28W Equivalent 46 in. High Efficiency Linear T5 Type A InstantFit Cool White LED Tube Light Bulb (4000K) (1-Pack) 542423,Philips,LED Light Bulb,lighting,13.98,4.6,100
294,"Commercial Electric 15 ft. CAT5e UTP Ethernet Cable, Yellow 575698-15",Commercial Electric,Other/Uncategorized,uncategorized,8.79,4.7,100
295,Square D Homeline 50 Amp 2-Space 4-Circuit Spa Panel Main Lug Load Center HOME250SPA,Square D,Other/Uncategorized,uncategorized,125.0,4.4,100
296,Everbilt Twist and Close 1-1/2 in. Schedule 40 White PVC Pipe Bath Waste and Overflow Drain in Chrome SH-7103-PV-01-02-1,Everbilt,Pipe,plumbing,36.88,4.3,100
297,Kidde Residential and Kitchen 1-A:10-B:C Class ABC and Class BC 5.5 lbs. Fire Extinguisher (2-Pack) 21030930 21030930,Kidde,Valve,plumbing,44.97,4.5,100
298,"Commercial Electric Ultra Slim Integrated LED 4 in Round Adj Color Temp Canless Recessed Light for Kitchen Bath Living rooms, White 91460",Commercial Electric,Recessed Light,lighting,25.05,4.7,100
299,BEYOND BRIGHT 20-Watt 72 LED Lamp Lights 6500K Garage Ultra-Bright BEBRBLZ-PD32,BEYOND BRIGHT,Lighting (Other),lighting,19.99,3.4,100
300,Commercial Electric White 1-Gang Cable Pass-Through Plastic Wall Plate TV Multimedia Recessed Box 5053-WH,Commercial Electric,Other/Uncategorized,uncategorized,38.97,4.1,100
301,"Commercial Electric Slim Baffle Integrated LED 4 in Round Adj Color Temp Canless Recessed Light for Kitchen Bath Living rooms, White 91462",Commercial Electric,Recessed Light,lighting,29.97,4.8,100
302,"Commercial Electric Bookshelf Speaker Wall Mounts, No Stud Required (Set of 2) MB-74230",Commercial Electric,Other/Uncategorized,uncategorized,10.14,5.0,100
303,Milwaukee Medium Black Nitrile Level 1 Cut Resistant Dipped Work Gloves 48-73-8901,Milwaukee,Other/Uncategorized,uncategorized,4.97,4.7,100
304,Milwaukee X-Large Demolition Gloves 48-22-8733,Milwaukee,Other/Uncategorized,uncategorized,30.97,4.4,100
305,Milwaukee Large Demolition Gloves 48-22-8732,Milwaukee,Other/Uncategorized,uncategorized,30.97,4.4,100
306,Anvil Replacement Blade THD-blade-set,Anvil,Other/Uncategorized,uncategorized,10.92,4.9,100
307,Everbilt 4 in. Gray Rubber Like TPR and Steel Swivel Plate Caster with 250 lb. Load Rating 4033445EB,Everbilt,Other/Uncategorized,uncategorized,19.93,4.8,100
308,VELCRO ALFA-LOK 1 in. x 1 in. Squares in Black (16 Sets per Pack) VEL-30180-USA,VELCRO,Other/Uncategorized,uncategorized,9.26,3.9,100
309,VELCRO 24 in. x 3/4 in. Sticky Back for Fabrics Tape Black VEL-91878-USA,VELCRO,Other/Uncategorized,uncategorized,3.77,4.2,100
310,VELCRO ALFA-LOK 1 in. x 1 in. Squares in Black (6 Sets per Pack) VEL-30177-USA,VELCRO,Other/Uncategorized,uncategorized,4.28,4.0,100
311,VELCRO 5 ft. x 3/4 in. Sticky Back Tape 90087,VELCRO,Other/Uncategorized,uncategorized,6.76,4.5,100
312,Milwaukee Medium Demolition Gloves 48-22-8731,Milwaukee,Other/Uncategorized,uncategorized,30.97,4.4,100
313,"Broan-NuTone Roomside Series 80 CFM Ceiling Bathroom Exhaust Fan with CleanCover, ENERGY STAR AERN80K",Broan-NuTone,Other/Uncategorized,uncategorized,98.0,4.3,100
314,ReVent 80 CFM Ceiling/Wall Mount Quiet Easy Roomside Installation Bathroom/Bath Exhaust Fan with Modern Easy Clean Shield Cover RVS80-D,ReVent,Other/Uncategorized,uncategorized,95.65,4.4,100
315,Broan-NuTone 50 CFM Ceiling Bathroom Exhaust Fan with Incandescent Light 763N,Broan-NuTone,Lighting (Other),lighting,49.0,4.3,100
316,Glacier Bay Dolancourt Tight Radius 33 in. Drop-In 50/50 Double Bowl 18 Gauge Stainless Steel Kitchen Sink with Pull-Down Faucet VDR3322A0PA1,Glacier Bay,Faucet,plumbing,389.0,4.4,100
317,"ReVent 110 CFM Ceiling/Wall Mount Quiet Easy Roomside Installation Bathroom/Bath Exhaust Fan with Humidity Sensing, ENERGY STAR RVSH110-D",ReVent,Other/Uncategorized,uncategorized,119.0,4.3,100
318,KOHLER Cimarron Toilet Trip Lever in Chrome GP1034693-CP,KOHLER,Toilet,plumbing,11.89,4.5,100
319,Glacier Bay Dolancourt Tight Radius 25 in. Drop-In Single Bowl 18 Gauge Stainless Steel Kitchen Sink with Pull-Down Faucet VDR2522A1PA1,Glacier Bay,Faucet,plumbing,329.0,4.5,100
320,Commercial Electric Outlet Tester OT-112,Commercial Electric,Electrical Outlet,electrical,5.39,4.8,100
321,Andersen 36 in. x 80 in. LuminAire Sandtone for Single Entry Door 32 in.-36 in. Universal Handed Aluminum Retractable Screen Door 90002,Andersen,Other/Uncategorized,uncategorized,228.0,4.1,100
322,"Broan-NuTone QT Series 130 CFM Ceiling Bathroom Exhaust Fan with LED Light and Night Light, ENERGY STAR QTN130LE1",Broan-NuTone,Lighting (Other),lighting,169.0,4.4,100
323,Milwaukee X-Large Black Nitrile Level 1 Cut Resistant Dipped Work Gloves 48-73-8903,Milwaukee,Other/Uncategorized,uncategorized,4.88,4.7,100
324,PRIVATE BRAND UNBRANDED 12 in. 2-Light White Frosted Semi-Flush Mount HM-21022401,PRIVATE BRAND UNBRANDED,Flush Mount Light,lighting,15.97,4.2,100
325,Lithonia Lighting GTL 24 in. x 48 in. 128-Watt Equivalent Integrated LED White Troffer Light 4000K 2GTL 4 70LHE GZ10 PWS1836 LP840,Lithonia Lighting,Lighting (Other),lighting,79.99,4.4,100
326,"Metalux 2 ft. x 2 ft. 51-Watt Equivalent Integrated LED White Center Lens Troffer, 4000K Bright White 22LCRL3040C",Metalux,Other/Uncategorized,uncategorized,84.97,4.1,100
327,Commercial Electric 1-Pack 2 ft. x 4 ft. 128-Watt Equivalent Integrated LED White Prismatic Lens Commercial Grid Ceiling Troffer CETR24BL40PD,Commercial Electric,Light Fixture,lighting,60.48,5.0,100
328,CASAINC 1-Spray Pattern with 1.8 GPM 10 in. with 1.8 GPM Wall Mount Square Fixed Shower Head in Brushed Nickel (Valve Included) N93101BN-10,CASAINC,Showerhead,plumbing,79.0,5.0,100
329,Husky 12 in. Groove Joint Pliers 48065,Husky,Pliers,uncategorized,13.67,4.5,100
330,Glacier Bay Dolancourt Tight Radius 33 in. Drop-In Single Bowl 18G Stainless Steel Workstation Kitchen Sink with Spring Neck Faucet FSD2R3322B1SA1,Glacier Bay,Faucet,plumbing,439.0,4.5,100
331,"Metalux 2 ft. x 4 ft. 64-Watt Equivalent Integrated LED White Center Lens Troffer, 4000K Bright White 24LCRL4040C",Metalux,Other/Uncategorized,uncategorized,99.0,4.4,100
332,Speakman 3-Spray Patterns with 2.5 GPM 2.75 in. Wall Mount Fixed Showerhead in Matte Black SR-2252-MB,Speakman,Showerhead,plumbing,56.37,3.8,100
333,Andersen 36in.x 80in. LuminAire Charcoal Gray for Single Entry Door 32in.-36in. Universal Handed Aluminum Retractable Screen Door 96701,Andersen,Other/Uncategorized,uncategorized,179.0,4.1,100
334,KOHLER Capilano 18 in. Towel Bar in Matte Black K-R26682-BL,KOHLER,Other/Uncategorized,uncategorized,31.98,4.5,100
335,Andersen 36 in. x 80 in. LuminAire Bronze for Single Entry Door 32 in.-36 in. Universal Handed Aluminum Retractable Screen Door 90003,Andersen,Other/Uncategorized,uncategorized,228.0,4.1,100
336,Grip-Rite 2-3/8 in. x 0.113 in. 30° Paper Collated Exterior Galvanized Offset Round Head Ring Shank Framing Nails 4000 per Box GRSP8DRHG4,Grip-Rite,Other/Uncategorized,uncategorized,154.0,3.9,100
337,Husky 25 ft. 12/3 Lighted Extension Cord HW12325,Husky,Extension Cord,electrical,18.89,4.7,100
338,Anvil 1-1/4 in. Steel Corner Bead Tool with 24 oz. Rubber Mallet 82092,Anvil,Tool (Other),tools,51.98,2.8,100
339,TrafficMaster All Seasons Tulip Scroll Granite 24 in. x 39 in. Door Mat 60787172924x39,TrafficMaster,Other/Uncategorized,uncategorized,11.95,4.8,100
340,Glacier Bay Dolancourt Tight Radius 33 in. Drop-In Single Bowl 18 Gauge Stainless Steel Kitchen Sink with Pull-Down Faucet VDR3322A1PA1,Glacier Bay,Faucet,plumbing,389.0,4.5,100
341,Cub Cadet Original Equipment 42 in. Mulching Kit with Blades for Lawn Tractors and Zero Turn Mowers (2012 thru 2021) 19A70041100,Cub Cadet,Other/Uncategorized,uncategorized,74.93,3.6,100
342,Husky Folding Lock-Back Utility Knife 00000,Husky,Lock/Hardware,locks,8.97,4.6,100
343,DIABLO 8-1/2in. x 60-Tooth Fine Finish Circular Saw Blade for Wood D0860S,DIABLO,Saw,tools,56.81,4.9,100
344,Feit Electric 40-Watt Equivalent B10 E12 Candelabra Dim White Filament Clear Glass Chandelier LED Light Bulb True White 3500K (3-Pack) CTC40935CAWFILHDRP/3,Feit Electric,LED Light Bulb,lighting,12.98,4.4,100
345,Wright Products 2-3/4 in. Black Self-Closing Hinge Set (1-Pair) V221BL,Wright Products,Other/Uncategorized,uncategorized,14.99,4.5,100
346,"Wright Products Villa Pull Handle for Screen and Storm Doors, White VIL333WH",Wright Products,Other/Uncategorized,uncategorized,20.32,4.4,100
347,Hampton Bay Melton 1-Light Polished Nickel Transitional Pendant with Clear Glass Shade and Silver Cord 7435P-PNK,Hampton Bay,Lighting (Other),lighting,64.97,0.0,90
348,Home Decorators Collection VICINO 12.61 in. W x 5.71 in. H 2-Light Brushed Nickel Integrated LED Bathroom Vanity Light with Rectangular Shades 205115A,Home Decorators Collection,Vanity Light,lighting,89.97,4.3,100
349,Hampton Bay Hensley 4.75 in. W x 11 in. H 1-Light Satin Nickel Mini Pendant with Metal Cylinder Shade 204878A,Hampton Bay,Pendant Light,lighting,69.97,4.7,100
350,Hampton Bay Creekford 3-Light Brushed Nickel Chandelier with Frosted Glass Shades HON8113A,Hampton Bay,Chandelier,lighting,79.97,4.5,100
351,Commercial Electric Creekford 3-Light Brushed Nickel Pendant with Frosted Glass Shade HON8913A,Commercial Electric,Lighting (Other),lighting,69.97,4.5,100
352,Hampton Bay Creekford 5-Light Brushed Nickel Chandelier with Frosted Glass Shades HON8115A,Hampton Bay,Chandelier,lighting,99.97,4.5,100
353,Home Decorators Collection Orbit 1-Light Black Mini Pendant with Black Metal Strap Design and Bulb Included HDP12107ORB,Home Decorators Collection,Lighting (Other),lighting,84.97,4.7,100
354,Wright Products Brookfield Surface Mount Latch in Satin Nickel VBR225SN,Wright Products,Other/Uncategorized,uncategorized,49.93,4.5,100
355,MARSHALLTOWN 18 in. x 4 in. Finishing Trowel - Curved Durasoft Handle MXS81D-HD,MARSHALLTOWN,Other/Uncategorized,uncategorized,69.98,4.6,100
356,Husky 800-Lumen LED Utility Lights 2-Modes with Magnetic Handle and Batteries (2-Pack) HSKY8002PKUL,Husky,Lighting (Other),lighting,25.0,4.6,80
357,SharkBite 3/4 in. Scale Prevention Water Filtration System SBHF10,SharkBite,Water Heater,uncategorized,145.54,4.4,80
358,Hampton Bay 2.6 ft. 4-Lights Black Integrated LED Fixed Track Lighting Kit 23055-003,Hampton Bay,Track Light,lighting,94.97,4.6,80
359,,,Other/Uncategorized,uncategorized,0.0,0.0,0
360,Commercial Electric 3 ft. 30-Watt 4000K Bright White 1-Light 3000 Lumens White Integrated LED Hanging Shop Light Fixture with Power Cord SHOP/3X1/840/HD,Commercial Electric,Flush Mount Light,lighting,14.97,4.4,80
361,Glacier Bay Foxton Single-Handle Single-Hole Bathroom Faucet in Chrome HDQFS6A0235CP,Glacier Bay,Faucet,plumbing,107.1,2.8,80
362,Husky Magnetic Small Parts Tray Set with Pickup Tool and 300 Lumens Head Lamp 90661,Husky,Lighting (Other),lighting,39.88,5.0,80
363,"Duracell Coppertop Alkaline AAA Battery (10-Pack), Triple A Batteries 004133317064",Duracell,Door Lock,locks,9.16,4.8,80
364,,,Other/Uncategorized,uncategorized,0.0,0.0,0
365,Kidde 10-Year Battery Powered Smoke and Carbon Monoxide Detector with Alarm LED Warning Lights 21031514 21031514,Kidde,Lighting (Other),lighting,54.97,4.4,80
366,HDX FMS-1-S Standard Refrigerator Water Filter Replacement Fits Samsung HAF-CU1S (3-Pack) 107126,HDX,Plumbing (Other),plumbing,29.98,4.7,80
367,Kapro 1-5/8 in. Bulls Eye Surface Level 240-01,Kapro,Other/Uncategorized,uncategorized,3.14,4.7,80
368,Hampton Bay 4-ft. 3-Light Black Integrated LED Linear Track Lighting Kit with Mini Cylinder Track Heads 805049,Hampton Bay,Track Light,lighting,139.0,4.6,80
369,"Commercial Electric Specialty Elite 2 in. LED Gimble Canless Recessed Light, Adjustable CCT 92311",Commercial Electric,Recessed Light,lighting,17.97,4.7,80
370,"Commercial Electric Ultra Directional Integrated LED 4 in Round Adj Color Temp Canless Recessed Light for Kitchen Bath Living rooms, White 91918",Commercial Electric,Recessed Light,lighting,29.97,4.7,80
371,Rod Desyne 84 in. - 120 in. Telescoping 5/8 in. Single Curtain Rod Kit in Black with Luna Finial 5710-842,Rod Desyne,Other/Uncategorized,uncategorized,24.98,4.2,80
372,Unbranded 28 in. - 48 in. Single Curtain Rod in White with Finial HMag28-01-2PC,Unbranded,Other/Uncategorized,uncategorized,52.7,4.9,80
373,Search Results for 1004528984 at The Home Depot,,Other/Uncategorized,uncategorized,2.97,0.0,50
374,Home Decorators Collection White Cordless Faux Wood Blinds for Windows with 2 in. Slats - 28 in. W x 48 in. L (Actual Size 27.5 in. W x 48 in. L) 10793478298266,Home Decorators Collection,Other/Uncategorized,uncategorized,30.98,4.7,80
375,MSI Carrara White 6 in. x 12 in. Polished Marble Floor and Wall Tile (5 sq. ft./Case) TCARWHT612P,MSI,Other/Uncategorized,uncategorized,86.13,3.8,80
376,,,Other/Uncategorized,uncategorized,0.0,0.0,0
377,Milwaukee 10 in. Straight-Cut Aviation Snips 48-22-4530,Milwaukee,Other/Uncategorized,uncategorized,16.97,4.6,80
378,RYOBI 40V HP Brushless 21 in. Cordless Battery Walk Behind Self-Propelled Lawn Mower with (2) 6.0 Ah Batteries and Charger RY40HPLM01K2,RYOBI,Other/Uncategorized,uncategorized,549.0,4.6,80
379,HOMACER 48 in. x 84 in. 5-in-1 Design Unfinished Solid Natural Pine Wood Panel Interior Sliding Barn Door Slab with Frame HOMDR-4884-F,HOMACER,Door Knob,locks,237.03,3.8,80
380,StyleWell 48 in. - 84 in. Telescoping 5/8 in. Single Curtain Rod Kit in Oil-Rubbed Bronze with Trumpet Square Finials UORB84F1607M06,StyleWell,Other/Uncategorized,uncategorized,24.98,4.5,80
381,HOMACER 48 in. x 84 in. 5-in-1 Design Unfinished Solid Natural Pine Wood Panel Interior Sliding Barn Door Slab with Frame HOMDR-4884-F,HOMACER,Door Knob,locks,237.03,3.8,80
382,Master Flow 7 in. 90-Degree Round Adjustable Elbow 90E7,Master Flow,Pipe,plumbing,8.22,4.2,80
383,"EMOH Adjustable 48"" to 84"" Round Sash Rod in White (Set of 2) HSASHR-4884",EMOH,Other/Uncategorized,uncategorized,29.84,3.8,80
384,StyleWell 28 in. - 48 in. Adjustable Telescoping 5/8 in. Single Curtain Rod Kit in Oil Rubbed Bronze with Ball Finials UORB481607L15,StyleWell,Other/Uncategorized,uncategorized,14.98,4.6,80
385,"UNIKOO UKS04 66 to 72 in. W x 76 in. H Sliding Frameless Shower Door in Brushed Nickel, EnduroShield 3/8 in. SGCC Clear Glass UKS04-72X76-BN",UNIKOO,Other/Uncategorized,uncategorized,800.99,4.6,80
386,Rod Desyne 28 in. - 48 in. Double Curtain Rod in Satin Nickel with Finial 4742-285,Rod Desyne,Other/Uncategorized,uncategorized,63.98,4.6,80
387,Chicology Oxford Gray Cordless Room Darkening Vinyl Vertical Blind with 3.5 in. Slats 78 in. W x 84 in. L VBOG7884,Chicology,Other/Uncategorized,uncategorized,79.99,3.8,80
388,Gorilla 8 ft. Waterproof Patch and Seal Tape Clear 107261,Gorilla,Plumbing (Other),plumbing,74.59,3.6,80
389,Link2Home 60 ft. 14/3 Extension Cord Storage Reel with 4 Grounded Outlets and Overload Circuit Breaker EM-EL-600-N,Link2Home,Electrical Outlet,electrical,72.09,4.6,80
390,VELUX 22-1/2 in. x 22-1/2 in. Fixed Pan-Flashed Skylight with Tempered Low-E3 Glass QPF 2222 2005,VELUX,Lighting (Other),lighting,371.63,4.9,80
391,Search Results for 520214 at The Home Depot,,Other/Uncategorized,uncategorized,78.46,0.0,50
392,Saniflo SaniBest Pro 2-Piece 1.28gal Single Flush Elongated Toilet with 1hp Grinder Pump in White 013.087.005,Saniflo,Toilet,plumbing,1510.11,4.1,80
393,,,Other/Uncategorized,uncategorized,0.0,0.0,0
394,Lifeproof Sterling Oak 6 MIL x 8.7 in. W x 48 in. L Click Lock Waterproof Luxury Vinyl Plank Flooring (20.1 sqft/case) I966106L,Lifeproof,Stain,paint,49.95,4.6,80
395,,,Other/Uncategorized,uncategorized,0.0,0.0,0
396,HALO ALP 250-Watt Equivalent Integrated LED Grey Premium Area Light Field Selectable CCT 3000K/4000K/5000K ALP90LSFSUNVDGY,HALO,Lighting (Other),lighting,106.54,4.6,80
397,Saint-Gobain ADFORS 72 in. x 25 ft. Charcoal Fiberglass Pool and Patio Screen Roll FCS8513-M,Saint-Gobain ADFORS,Other/Uncategorized,uncategorized,46.48,4.8,80
398,BlueDEF 2.5 Gal. Diesel Exhaust Fluid (DEF) DEF002,BlueDEF,Other/Uncategorized,uncategorized,16.3,4.7,80
399,IPEX 6 in. X 24 in. ABS SDR-35 Riser Pipe 9015,IPEX,Pipe,plumbing,8.97,4.7,80
400,Home Decorators Collection 37 in. W x 22 in. D Engineered Solid Surface White Rectangular Single Sink Vanity Top in Silver Ash SS37R-AH,Home Decorators Collection,Faucet,plumbing,319.0,4.0,80
401,,,Other/Uncategorized,uncategorized,0.0,0.0,0
402,"Milwaukee M12 12V Lithium-Ion Cordless Drill Driver/Impact Driver Combo Kit with Two 1.5Ah Batteries, Charger and Bag (2-Tool) 2494-22",Milwaukee,Drill,tools,169.0,4.7,80
403,"Gardenised 24-Pack Pot Feet-Rubber Risers for Planters and Pots Prevents Stains, Rot, and Moisture Damage on Wood, Cement, and Tile QI004799",Gardenised,Stain,paint,31.98,2.0,80
404,DEWALT MAXFIT 1 in. #20 Torx Bit (2-Piece) DWA1TX20MF2,DEWALT,Other/Uncategorized,uncategorized,4.89,3.8,80
405,"3M OV/AG P100 Pro Multi-Purpose Reusable Respirator with Quick Latch, Size Medium 65023QLHA1-C",3M,Valve,plumbing,37.37,4.7,80
406,DEWALT 6 in. MAXFIT T25 Bit Tip DWA6TX25-1,DEWALT,Drill,tools,5.97,4.6,80
407,Milwaukee SHOCKWAVE Impact Duty Alloy Steel Hex Screw Driver Bit Set (9-Piece) 48-32-4616,Milwaukee,Other/Uncategorized,uncategorized,10.97,4.6,80
408,SANOXY 25 ft. DVI-D Dual Link Digital Video Male to Male Cable 28AWG SNX-CBL-LDR-DV110-G125,SANOXY,Other/Uncategorized,uncategorized,33.32,0.0,70
409,,,Other/Uncategorized,uncategorized,0.0,0.0,0
410,HDX Disposable Earplugs (50-Pack) REP501 50PK,HDX,Other/Uncategorized,uncategorized,12.98,4.4,80
411,,,Other/Uncategorized,uncategorized,0.0,0.0,0
412,,,Other/Uncategorized,uncategorized,0.0,0.0,0
413,Husky 72 in. W x 24 in. D Adjustable Height Black Workbench for Ready to Assemble Steel Garage Storage System G7200S-US,Husky,Other/Uncategorized,uncategorized,381.1,4.9,80
414,,,Other/Uncategorized,uncategorized,0.0,0.0,0
415,Husky 72 in. W x 24 in. D Adjustable Height Black Workbench for Ready to Assemble Steel Garage Storage System G7200S-US,Husky,Other/Uncategorized,uncategorized,381.1,4.9,80
416,VELCRO 7/8 in. Sticky Back Squares (12-Pack) 90072,VELCRO,Other/Uncategorized,uncategorized,2.89,4.4,80
417,Vigoro 4 ft. x 100 ft. Heavy Duty Matrix Grid Weed Control Landscape Fabric VPNM410085,Vigoro,Other/Uncategorized,uncategorized,59.98,4.6,80
418,Milwaukee High Performance Hard Shell Knee Pads with PACKOUT Tool Bag 48-73-6030-48-22-8321,Milwaukee,Tool (Other),tools,79.0,3.8,80
419,Milwaukee Red Disposable Earplugs (10-Pack) with 32 dB Noise Reduction Rating 48-73-3001,Milwaukee,Other/Uncategorized,uncategorized,4.47,4.1,80
420,Everbilt 2-Pack 2-1/2 in. Matte Black Non-Removable Pin Narrow Surface Mount Door Hinge 28927,Everbilt,Door Hinge,locks,3.47,4.5,80
421,Stanley 10 in. Surform Regular-Cut Flat Mill File 21-293,Stanley,Other/Uncategorized,uncategorized,7.42,3.5,80
422,Stanley 6 in. Pocket Surform Plane 21-399,Stanley,Other/Uncategorized,uncategorized,11.18,4.2,80
423,Commercial Electric Pocket Size Auto Digital Ranging Multimeter MMB-8332R,Commercial Electric,Other/Uncategorized,uncategorized,42.77,4.0,80
424,Watts 1 in. Bronze Double Check Valve Backflow Preventer Assembly Quarter Turn Shutoff With Single Top Entry Freeze Sensor 007M1-QT-FZ 1 R,Watts,Pipe,plumbing,358.52,4.9,80
425,Everbilt (84-Pack) Spring Assortment Kit 24470,Everbilt,Other/Uncategorized,uncategorized,5.38,4.5,80
